<annotation>
	<folder>images</folder>
	<filename>0 (115).jpg</filename>
	<path>G:\鸥若\无人货柜\数据集\新的\images\0 (115).jpg</path>
	<source>
		<database>Unknown</database>
	</source>
	<size>
		<width>1280</width>
		<height>720</height>
		<depth>3</depth>
	</size>
	<segmented>0</segmented>
	<object>
		<name>sixpack</name>
		<pose>Unspecified</pose>
		<truncated>0</truncated>
		<difficult>0</difficult>
		<bndbox>
			<xmin>772</xmin>
			<ymin>137</ymin>
			<xmax>1038</xmax>
			<ymax>563</ymax>
		</bndbox>
	</object>
	<object>
		<name>sprite</name>
		<pose>Unspecified</pose>
		<truncated>0</truncated>
		<difficult>0</difficult>
		<bndbox>
			<xmin>256</xmin>
			<ymin>458</ymin>
			<xmax>353</xmax>
			<ymax>559</ymax>
		</bndbox>
	</object>
	<object>
		<name>sprite</name>
		<pose>Unspecified</pose>
		<truncated>0</truncated>
		<difficult>0</difficult>
		<bndbox>
			<xmin>580</xmin>
			<ymin>466</ymin>
			<xmax>687</xmax>
			<ymax>576</ymax>
		</bndbox>
	</object>
</annotation>
