<annotation>
	<folder>images_151</folder>
	<filename>0 (168).jpg</filename>
	<path>/media/cwwss/KINGSTON/images_151/0 (168).jpg</path>
	<source>
		<database>Unknown</database>
	</source>
	<size>
		<width>1280</width>
		<height>720</height>
		<depth>3</depth>
	</size>
	<segmented>0</segmented>
	<object>
		<name>coke</name>
		<pose>Unspecified</pose>
		<truncated>0</truncated>
		<difficult>0</difficult>
		<bndbox>
			<xmin>433</xmin>
			<ymin>151</ymin>
			<xmax>554</xmax>
			<ymax>274</ymax>
		</bndbox>
	</object>
	<object>
		<name>coke</name>
		<pose>Unspecified</pose>
		<truncated>0</truncated>
		<difficult>0</difficult>
		<bndbox>
			<xmin>734</xmin>
			<ymin>138</ymin>
			<xmax>856</xmax>
			<ymax>266</ymax>
		</bndbox>
	</object>
	<object>
		<name>coke</name>
		<pose>Unspecified</pose>
		<truncated>0</truncated>
		<difficult>0</difficult>
		<bndbox>
			<xmin>759</xmin>
			<ymin>431</ymin>
			<xmax>884</xmax>
			<ymax>548</ymax>
		</bndbox>
	</object>
	<object>
		<name>sprite</name>
		<pose>Unspecified</pose>
		<truncated>0</truncated>
		<difficult>0</difficult>
		<bndbox>
			<xmin>574</xmin>
			<ymin>88</ymin>
			<xmax>687</xmax>
			<ymax>204</ymax>
		</bndbox>
	</object>
	<object>
		<name>sprite</name>
		<pose>Unspecified</pose>
		<truncated>0</truncated>
		<difficult>0</difficult>
		<bndbox>
			<xmin>868</xmin>
			<ymin>292</ymin>
			<xmax>982</xmax>
			<ymax>403</ymax>
		</bndbox>
	</object>
	<object>
		<name>sprite</name>
		<pose>Unspecified</pose>
		<truncated>0</truncated>
		<difficult>0</difficult>
		<bndbox>
			<xmin>1037</xmin>
			<ymin>481</ymin>
			<xmax>1139</xmax>
			<ymax>588</ymax>
		</bndbox>
	</object>
	<object>
		<name>water</name>
		<pose>Unspecified</pose>
		<truncated>0</truncated>
		<difficult>0</difficult>
		<bndbox>
			<xmin>201</xmin>
			<ymin>132</ymin>
			<xmax>294</xmax>
			<ymax>224</ymax>
		</bndbox>
	</object>
	<object>
		<name>water</name>
		<pose>Unspecified</pose>
		<truncated>0</truncated>
		<difficult>0</difficult>
		<bndbox>
			<xmin>967</xmin>
			<ymin>91</ymin>
			<xmax>1068</xmax>
			<ymax>192</ymax>
		</bndbox>
	</object>
	<object>
		<name>water</name>
		<pose>Unspecified</pose>
		<truncated>0</truncated>
		<difficult>0</difficult>
		<bndbox>
			<xmin>1022</xmin>
			<ymin>275</ymin>
			<xmax>1111</xmax>
			<ymax>375</ymax>
		</bndbox>
	</object>
	<object>
		<name>sixpack</name>
		<pose>Unspecified</pose>
		<truncated>0</truncated>
		<difficult>0</difficult>
		<bndbox>
			<xmin>317</xmin>
			<ymin>301</ymin>
			<xmax>717</xmax>
			<ymax>572</ymax>
		</bndbox>
	</object>
</annotation>
