<annotation>
	<folder>images</folder>
	<filename>0 (116).jpg</filename>
	<path>G:\鸥若\无人货柜\数据集\新的\images\0 (116).jpg</path>
	<source>
		<database>Unknown</database>
	</source>
	<size>
		<width>1280</width>
		<height>720</height>
		<depth>3</depth>
	</size>
	<segmented>0</segmented>
	<object>
		<name>sprite</name>
		<pose>Unspecified</pose>
		<truncated>0</truncated>
		<difficult>0</difficult>
		<bndbox>
			<xmin>234</xmin>
			<ymin>343</ymin>
			<xmax>333</xmax>
			<ymax>442</ymax>
		</bndbox>
	</object>
	<object>
		<name>sprite</name>
		<pose>Unspecified</pose>
		<truncated>0</truncated>
		<difficult>0</difficult>
		<bndbox>
			<xmin>263</xmin>
			<ymin>608</ymin>
			<xmax>355</xmax>
			<ymax>703</ymax>
		</bndbox>
	</object>
	<object>
		<name>sixpack</name>
		<pose>Unspecified</pose>
		<truncated>0</truncated>
		<difficult>0</difficult>
		<bndbox>
			<xmin>526</xmin>
			<ymin>148</ymin>
			<xmax>818</xmax>
			<ymax>577</ymax>
		</bndbox>
	</object>
</annotation>
