<annotation>
	<folder>images_151</folder>
	<filename>0 (158).jpg</filename>
	<path>/media/cwwss/KINGSTON/images_151/0 (158).jpg</path>
	<source>
		<database>Unknown</database>
	</source>
	<size>
		<width>1280</width>
		<height>720</height>
		<depth>3</depth>
	</size>
	<segmented>0</segmented>
	<object>
		<name>sprite</name>
		<pose>Unspecified</pose>
		<truncated>0</truncated>
		<difficult>0</difficult>
		<bndbox>
			<xmin>179</xmin>
			<ymin>100</ymin>
			<xmax>274</xmax>
			<ymax>204</ymax>
		</bndbox>
	</object>
	<object>
		<name>sprite</name>
		<pose>Unspecified</pose>
		<truncated>0</truncated>
		<difficult>0</difficult>
		<bndbox>
			<xmin>191</xmin>
			<ymin>306</ymin>
			<xmax>287</xmax>
			<ymax>401</ymax>
		</bndbox>
	</object>
	<object>
		<name>coke</name>
		<pose>Unspecified</pose>
		<truncated>0</truncated>
		<difficult>0</difficult>
		<bndbox>
			<xmin>424</xmin>
			<ymin>146</ymin>
			<xmax>547</xmax>
			<ymax>271</ymax>
		</bndbox>
	</object>
	<object>
		<name>coke</name>
		<pose>Unspecified</pose>
		<truncated>0</truncated>
		<difficult>0</difficult>
		<bndbox>
			<xmin>574</xmin>
			<ymin>135</ymin>
			<xmax>701</xmax>
			<ymax>260</ymax>
		</bndbox>
	</object>
	<object>
		<name>coke</name>
		<pose>Unspecified</pose>
		<truncated>0</truncated>
		<difficult>0</difficult>
		<bndbox>
			<xmin>728</xmin>
			<ymin>131</ymin>
			<xmax>853</xmax>
			<ymax>255</ymax>
		</bndbox>
	</object>
	<object>
		<name>water</name>
		<pose>Unspecified</pose>
		<truncated>0</truncated>
		<difficult>0</difficult>
		<bndbox>
			<xmin>965</xmin>
			<ymin>88</ymin>
			<xmax>1067</xmax>
			<ymax>192</ymax>
		</bndbox>
	</object>
	<object>
		<name>water</name>
		<pose>Unspecified</pose>
		<truncated>0</truncated>
		<difficult>0</difficult>
		<bndbox>
			<xmin>1021</xmin>
			<ymin>274</ymin>
			<xmax>1110</xmax>
			<ymax>374</ymax>
		</bndbox>
	</object>
	<object>
		<name>sixpack</name>
		<pose>Unspecified</pose>
		<truncated>0</truncated>
		<difficult>0</difficult>
		<bndbox>
			<xmin>453</xmin>
			<ymin>308</ymin>
			<xmax>871</xmax>
			<ymax>588</ymax>
		</bndbox>
	</object>
</annotation>
