<annotation>
	<folder>images</folder>
	<filename>0 (114).jpg</filename>
	<path>G:\鸥若\无人货柜\数据集\新的\images\0 (114).jpg</path>
	<source>
		<database>Unknown</database>
	</source>
	<size>
		<width>1280</width>
		<height>720</height>
		<depth>3</depth>
	</size>
	<segmented>0</segmented>
	<object>
		<name>sprite</name>
		<pose>Unspecified</pose>
		<truncated>0</truncated>
		<difficult>0</difficult>
		<bndbox>
			<xmin>649</xmin>
			<ymin>95</ymin>
			<xmax>757</xmax>
			<ymax>206</ymax>
		</bndbox>
	</object>
	<object>
		<name>sprite</name>
		<pose>Unspecified</pose>
		<truncated>0</truncated>
		<difficult>0</difficult>
		<bndbox>
			<xmin>688</xmin>
			<ymin>419</ymin>
			<xmax>793</xmax>
			<ymax>531</ymax>
		</bndbox>
	</object>
	<object>
		<name>sixpack</name>
		<pose>Unspecified</pose>
		<truncated>0</truncated>
		<difficult>0</difficult>
		<bndbox>
			<xmin>776</xmin>
			<ymin>138</ymin>
			<xmax>1034</xmax>
			<ymax>559</ymax>
		</bndbox>
	</object>
</annotation>
