<annotation>
	<folder>images_151</folder>
	<filename>0 (251).jpg</filename>
	<path>/media/cwwss/KINGSTON/images_151/0 (251).jpg</path>
	<source>
		<database>Unknown</database>
	</source>
	<size>
		<width>1280</width>
		<height>720</height>
		<depth>3</depth>
	</size>
	<segmented>0</segmented>
	<object>
		<name>sprite</name>
		<pose>Unspecified</pose>
		<truncated>0</truncated>
		<difficult>0</difficult>
		<bndbox>
			<xmin>851</xmin>
			<ymin>57</ymin>
			<xmax>957</xmax>
			<ymax>171</ymax>
		</bndbox>
	</object>
	<object>
		<name>coke</name>
		<pose>Unspecified</pose>
		<truncated>0</truncated>
		<difficult>0</difficult>
		<bndbox>
			<xmin>884</xmin>
			<ymin>289</ymin>
			<xmax>1001</xmax>
			<ymax>415</ymax>
		</bndbox>
	</object>
	<object>
		<name>coke</name>
		<pose>Unspecified</pose>
		<truncated>0</truncated>
		<difficult>0</difficult>
		<bndbox>
			<xmin>890</xmin>
			<ymin>452</ymin>
			<xmax>1001</xmax>
			<ymax>572</ymax>
		</bndbox>
	</object>
	<object>
		<name>sixpack</name>
		<pose>Unspecified</pose>
		<truncated>0</truncated>
		<difficult>0</difficult>
		<bndbox>
			<xmin>441</xmin>
			<ymin>294</ymin>
			<xmax>850</xmax>
			<ymax>566</ymax>
		</bndbox>
	</object>
	<object>
		<name>water</name>
		<pose>Unspecified</pose>
		<truncated>0</truncated>
		<difficult>0</difficult>
		<bndbox>
			<xmin>219</xmin>
			<ymin>337</ymin>
			<xmax>311</xmax>
			<ymax>428</ymax>
		</bndbox>
	</object>
	<object>
		<name>water</name>
		<pose>Unspecified</pose>
		<truncated>0</truncated>
		<difficult>0</difficult>
		<bndbox>
			<xmin>228</xmin>
			<ymin>540</ymin>
			<xmax>322</xmax>
			<ymax>632</ymax>
		</bndbox>
	</object>
	<object>
		<name>water</name>
		<pose>Unspecified</pose>
		<truncated>0</truncated>
		<difficult>0</difficult>
		<bndbox>
			<xmin>407</xmin>
			<ymin>91</ymin>
			<xmax>514</xmax>
			<ymax>194</ymax>
		</bndbox>
	</object>
</annotation>
