<annotation>
	<folder>images_151</folder>
	<filename>0 (288).jpg</filename>
	<path>/media/cwwss/KINGSTON/images_151/0 (288).jpg</path>
	<source>
		<database>Unknown</database>
	</source>
	<size>
		<width>1280</width>
		<height>720</height>
		<depth>3</depth>
	</size>
	<segmented>0</segmented>
	<object>
		<name>coke</name>
		<pose>Unspecified</pose>
		<truncated>0</truncated>
		<difficult>0</difficult>
		<bndbox>
			<xmin>587</xmin>
			<ymin>134</ymin>
			<xmax>714</xmax>
			<ymax>263</ymax>
		</bndbox>
	</object>
	<object>
		<name>coke</name>
		<pose>Unspecified</pose>
		<truncated>0</truncated>
		<difficult>0</difficult>
		<bndbox>
			<xmin>308</xmin>
			<ymin>337</ymin>
			<xmax>402</xmax>
			<ymax>455</ymax>
		</bndbox>
	</object>
	<object>
		<name>coke</name>
		<pose>Unspecified</pose>
		<truncated>0</truncated>
		<difficult>0</difficult>
		<bndbox>
			<xmin>925</xmin>
			<ymin>272</ymin>
			<xmax>1033</xmax>
			<ymax>391</ymax>
		</bndbox>
	</object>
	<object>
		<name>sprite</name>
		<pose>Unspecified</pose>
		<truncated>0</truncated>
		<difficult>0</difficult>
		<bndbox>
			<xmin>413</xmin>
			<ymin>546</ymin>
			<xmax>519</xmax>
			<ymax>652</ymax>
		</bndbox>
	</object>
	<object>
		<name>sprite</name>
		<pose>Unspecified</pose>
		<truncated>0</truncated>
		<difficult>0</difficult>
		<bndbox>
			<xmin>1059</xmin>
			<ymin>512</ymin>
			<xmax>1151</xmax>
			<ymax>606</ymax>
		</bndbox>
	</object>
	<object>
		<name>sprite</name>
		<pose>Unspecified</pose>
		<truncated>0</truncated>
		<difficult>0</difficult>
		<bndbox>
			<xmin>830</xmin>
			<ymin>66</ymin>
			<xmax>934</xmax>
			<ymax>174</ymax>
		</bndbox>
	</object>
	<object>
		<name>water</name>
		<pose>Unspecified</pose>
		<truncated>0</truncated>
		<difficult>0</difficult>
		<bndbox>
			<xmin>682</xmin>
			<ymin>537</ymin>
			<xmax>781</xmax>
			<ymax>641</ymax>
		</bndbox>
	</object>
	<object>
		<name>water</name>
		<pose>Unspecified</pose>
		<truncated>0</truncated>
		<difficult>0</difficult>
		<bndbox>
			<xmin>391</xmin>
			<ymin>346</ymin>
			<xmax>494</xmax>
			<ymax>441</ymax>
		</bndbox>
	</object>
	<object>
		<name>water</name>
		<pose>Unspecified</pose>
		<truncated>0</truncated>
		<difficult>0</difficult>
		<bndbox>
			<xmin>873</xmin>
			<ymin>335</ymin>
			<xmax>971</xmax>
			<ymax>432</ymax>
		</bndbox>
	</object>
	<object>
		<name>water</name>
		<pose>Unspecified</pose>
		<truncated>0</truncated>
		<difficult>0</difficult>
		<bndbox>
			<xmin>999</xmin>
			<ymin>86</ymin>
			<xmax>1091</xmax>
			<ymax>180</ymax>
		</bndbox>
	</object>
</annotation>
