<annotation>
	<folder>images</folder>
	<filename>0 (59).jpg</filename>
	<path>G:\鸥若\无人货柜\数据集\新的\images\0 (59).jpg</path>
	<source>
		<database>Unknown</database>
	</source>
	<size>
		<width>1280</width>
		<height>720</height>
		<depth>3</depth>
	</size>
	<segmented>0</segmented>
	<object>
		<name>water</name>
		<pose>Unspecified</pose>
		<truncated>0</truncated>
		<difficult>0</difficult>
		<bndbox>
			<xmin>869</xmin>
			<ymin>312</ymin>
			<xmax>970</xmax>
			<ymax>415</ymax>
		</bndbox>
	</object>
	<object>
		<name>water</name>
		<pose>Unspecified</pose>
		<truncated>0</truncated>
		<difficult>0</difficult>
		<bndbox>
			<xmin>1029</xmin>
			<ymin>317</ymin>
			<xmax>1126</xmax>
			<ymax>415</ymax>
		</bndbox>
	</object>
	<object>
		<name>water</name>
		<pose>Unspecified</pose>
		<truncated>0</truncated>
		<difficult>0</difficult>
		<bndbox>
			<xmin>832</xmin>
			<ymin>511</ymin>
			<xmax>936</xmax>
			<ymax>612</ymax>
		</bndbox>
	</object>
	<object>
		<name>water</name>
		<pose>Unspecified</pose>
		<truncated>0</truncated>
		<difficult>0</difficult>
		<bndbox>
			<xmin>1016</xmin>
			<ymin>502</ymin>
			<xmax>1107</xmax>
			<ymax>598</ymax>
		</bndbox>
	</object>
	<object>
		<name>sprite</name>
		<pose>Unspecified</pose>
		<truncated>0</truncated>
		<difficult>0</difficult>
		<bndbox>
			<xmin>611</xmin>
			<ymin>327</ymin>
			<xmax>718</xmax>
			<ymax>434</ymax>
		</bndbox>
	</object>
	<object>
		<name>sprite</name>
		<pose>Unspecified</pose>
		<truncated>0</truncated>
		<difficult>0</difficult>
		<bndbox>
			<xmin>870</xmin>
			<ymin>100</ymin>
			<xmax>976</xmax>
			<ymax>208</ymax>
		</bndbox>
	</object>
	<object>
		<name>sprite</name>
		<pose>Unspecified</pose>
		<truncated>0</truncated>
		<difficult>0</difficult>
		<bndbox>
			<xmin>1056</xmin>
			<ymin>102</ymin>
			<xmax>1149</xmax>
			<ymax>203</ymax>
		</bndbox>
	</object>
	<object>
		<name>coke</name>
		<pose>Unspecified</pose>
		<truncated>0</truncated>
		<difficult>0</difficult>
		<bndbox>
			<xmin>315</xmin>
			<ymin>156</ymin>
			<xmax>422</xmax>
			<ymax>277</ymax>
		</bndbox>
	</object>
	<object>
		<name>coke</name>
		<pose>Unspecified</pose>
		<truncated>0</truncated>
		<difficult>0</difficult>
		<bndbox>
			<xmin>452</xmin>
			<ymin>148</ymin>
			<xmax>579</xmax>
			<ymax>270</ymax>
		</bndbox>
	</object>
	<object>
		<name>coke</name>
		<pose>Unspecified</pose>
		<truncated>0</truncated>
		<difficult>0</difficult>
		<bndbox>
			<xmin>607</xmin>
			<ymin>135</ymin>
			<xmax>735</xmax>
			<ymax>260</ymax>
		</bndbox>
	</object>
</annotation>
