<annotation>
	<folder>images</folder>
	<filename>0 (74).jpg</filename>
	<path>G:\鸥若\无人货柜\数据集\新的\images\0 (74).jpg</path>
	<source>
		<database>Unknown</database>
	</source>
	<size>
		<width>1280</width>
		<height>720</height>
		<depth>3</depth>
	</size>
	<segmented>0</segmented>
	<object>
		<name>sprite</name>
		<pose>Unspecified</pose>
		<truncated>0</truncated>
		<difficult>0</difficult>
		<bndbox>
			<xmin>347</xmin>
			<ymin>477</ymin>
			<xmax>451</xmax>
			<ymax>584</ymax>
		</bndbox>
	</object>
	<object>
		<name>water</name>
		<pose>Unspecified</pose>
		<truncated>0</truncated>
		<difficult>0</difficult>
		<bndbox>
			<xmin>551</xmin>
			<ymin>464</ymin>
			<xmax>653</xmax>
			<ymax>571</ymax>
		</bndbox>
	</object>
</annotation>
