<annotation>
	<folder>images</folder>
	<filename>0 (78).jpg</filename>
	<path>G:\鸥若\无人货柜\数据集\新的\images\0 (78).jpg</path>
	<source>
		<database>Unknown</database>
	</source>
	<size>
		<width>1280</width>
		<height>720</height>
		<depth>3</depth>
	</size>
	<segmented>0</segmented>
	<object>
		<name>sprite</name>
		<pose>Unspecified</pose>
		<truncated>0</truncated>
		<difficult>0</difficult>
		<bndbox>
			<xmin>293</xmin>
			<ymin>492</ymin>
			<xmax>397</xmax>
			<ymax>594</ymax>
		</bndbox>
	</object>
	<object>
		<name>sprite</name>
		<pose>Unspecified</pose>
		<truncated>0</truncated>
		<difficult>0</difficult>
		<bndbox>
			<xmin>493</xmin>
			<ymin>509</ymin>
			<xmax>601</xmax>
			<ymax>619</ymax>
		</bndbox>
	</object>
</annotation>
