<annotation>
	<folder>images</folder>
	<filename>0 (76).jpg</filename>
	<path>G:\鸥若\无人货柜\数据集\新的\images\0 (76).jpg</path>
	<source>
		<database>Unknown</database>
	</source>
	<size>
		<width>1280</width>
		<height>720</height>
		<depth>3</depth>
	</size>
	<segmented>0</segmented>
	<object>
		<name>sprite</name>
		<pose>Unspecified</pose>
		<truncated>0</truncated>
		<difficult>0</difficult>
		<bndbox>
			<xmin>493</xmin>
			<ymin>504</ymin>
			<xmax>599</xmax>
			<ymax>615</ymax>
		</bndbox>
	</object>
	<object>
		<name>water</name>
		<pose>Unspecified</pose>
		<truncated>0</truncated>
		<difficult>0</difficult>
		<bndbox>
			<xmin>693</xmin>
			<ymin>493</ymin>
			<xmax>796</xmax>
			<ymax>599</ymax>
		</bndbox>
	</object>
	<object>
		<name>water</name>
		<pose>Unspecified</pose>
		<truncated>0</truncated>
		<difficult>0</difficult>
		<bndbox>
			<xmin>886</xmin>
			<ymin>481</ymin>
			<xmax>987</xmax>
			<ymax>580</ymax>
		</bndbox>
	</object>
</annotation>
