<annotation>
	<folder>images</folder>
	<filename>0 (73).jpg</filename>
	<path>G:\鸥若\无人货柜\数据集\新的\images\0 (73).jpg</path>
	<source>
		<database>Unknown</database>
	</source>
	<size>
		<width>1280</width>
		<height>720</height>
		<depth>3</depth>
	</size>
	<segmented>0</segmented>
	<object>
		<name>sprite</name>
		<pose>Unspecified</pose>
		<truncated>0</truncated>
		<difficult>0</difficult>
		<bndbox>
			<xmin>436</xmin>
			<ymin>77</ymin>
			<xmax>548</xmax>
			<ymax>190</ymax>
		</bndbox>
	</object>
	<object>
		<name>water</name>
		<pose>Unspecified</pose>
		<truncated>0</truncated>
		<difficult>0</difficult>
		<bndbox>
			<xmin>545</xmin>
			<ymin>461</ymin>
			<xmax>648</xmax>
			<ymax>568</ymax>
		</bndbox>
	</object>
</annotation>
