<annotation>
	<folder>images</folder>
	<filename>0 (82).jpg</filename>
	<path>G:\鸥若\无人货柜\数据集\新的\images\0 (82).jpg</path>
	<source>
		<database>Unknown</database>
	</source>
	<size>
		<width>1280</width>
		<height>720</height>
		<depth>3</depth>
	</size>
	<segmented>0</segmented>
	<object>
		<name>water</name>
		<pose>Unspecified</pose>
		<truncated>0</truncated>
		<difficult>0</difficult>
		<bndbox>
			<xmin>842</xmin>
			<ymin>86</ymin>
			<xmax>941</xmax>
			<ymax>189</ymax>
		</bndbox>
	</object>
	<object>
		<name>water</name>
		<pose>Unspecified</pose>
		<truncated>0</truncated>
		<difficult>0</difficult>
		<bndbox>
			<xmin>1028</xmin>
			<ymin>105</ymin>
			<xmax>1120</xmax>
			<ymax>204</ymax>
		</bndbox>
	</object>
	<object>
		<name>water</name>
		<pose>Unspecified</pose>
		<truncated>0</truncated>
		<difficult>0</difficult>
		<bndbox>
			<xmin>1042</xmin>
			<ymin>305</ymin>
			<xmax>1133</xmax>
			<ymax>400</ymax>
		</bndbox>
	</object>
	<object>
		<name>sprite</name>
		<pose>Unspecified</pose>
		<truncated>0</truncated>
		<difficult>0</difficult>
		<bndbox>
			<xmin>235</xmin>
			<ymin>96</ymin>
			<xmax>339</xmax>
			<ymax>197</ymax>
		</bndbox>
	</object>
	<object>
		<name>sprite</name>
		<pose>Unspecified</pose>
		<truncated>0</truncated>
		<difficult>0</difficult>
		<bndbox>
			<xmin>423</xmin>
			<ymin>72</ymin>
			<xmax>532</xmax>
			<ymax>185</ymax>
		</bndbox>
	</object>
	<object>
		<name>sprite</name>
		<pose>Unspecified</pose>
		<truncated>0</truncated>
		<difficult>0</difficult>
		<bndbox>
			<xmin>643</xmin>
			<ymin>67</ymin>
			<xmax>751</xmax>
			<ymax>181</ymax>
		</bndbox>
	</object>
</annotation>
